RUBRO;SUB_RUBRO;MARCA;MARCA_APERNET_ID;SUCURSAL;SUCURSAL_APERNET_ID;CALLE;NRO;LOCALIDAD;LATITUD;LONGITUD;LOCALIDAD_ZONAL;LOCALIDAD_ZONA
Viajes y Turismo;Hoteles;2122 Hotel Art Design - Punta del Este;4266;Punta del Este;10758;Av. Pedragrosa Sierra y San Ciro;;PUNTA DEL ESTE;-34,94095;-54,92798;URUGUAY;MERCOSUR
Electro & Tecnología;Electro & Tecnología;Abon Garden;113674;SUCURSAL PARANA;123895;GUALEGUAYCHU ESQUINA NUEVE DE JULIO;;PARANA;-31,7366;-60,53158;INTERIOR;INTERIOR
Moda;Indumentaria;Agarrate Catalina;2841;Paseo Pilar;12819;Panamericana Km 44, Ramal Pilar;;PILAR;-34,45591;-58,90833;PILAR / ESCOBAR / ZARATE / CAMPANA;GBA Norte
Tienda Online;Moda;Alma Shopping;4474;E-Commerce;11114;www.almashopping.com;;PILAR;-34,45591;-58,90833;PILAR / ESCOBAR / ZARATE / CAMPANA;GBA Norte
Automotor;Neumáticos;Alvarez Neumáticos;4333;Coronel Dorrego;10890;Av. Fuertes y Sarmiento;;CORONEL DORREGO;-38,71944;-61,28546;INTERIOR;INTERIOR
Gastronomía;Restaurantes;AMARRA RESTAURANTE;3444;Rosario;8819;Belgrano esquina Buenos Aires;;ROSARIO;-32,94545;-60,63231;INTERIOR;INTERIOR
Heladerías;Heladerías;Andrea Franceschini;2283;Patio Olmos;10424;San Juan;;CORDOBA;-31,3046;-64,27766;INTERIOR;INTERIOR
Entretenimiento;Parques y Juegos;Aquopolis;37140;Aquopolis - MAR DEL PLATA;47143;Edison y Calle 10;;MAR DEL PLATA;-34,5419;-58,58757;INTERIOR;INTERIOR
Automotor;Otros;AXION;34615;Axion - Gral San Martin;89255;AV. PTE. PERON Y BALBIN;;VILLA LYNCH;-34,57639;-58,54866;SAN MARTIN / 3 DE FEBRERO;GBA Oeste
Automotor;Otros;AXION;34615;EMFACO SA - Barcala Gaona;122027;AV. GAONA Y BARCALA;;ITUZAINGO;-34,63467;-58,66777;MORON / ITUZAINGO / HURLINGHAM / MERLO;GBA Oeste
Entretenimiento;Parques y Juegos;Aventura Center;5437;Trelew;13137;Hipolito Yrigoyen y ruta provincial nº7;;TRELEW;-43,24913;-65,3074;INTERIOR;INTERIOR
Automotor;Otros;AXION;34615;QUILMES;56706;AV. LA PLATA Y 12 DE OCTUBRE;;QUILMES;-34,7044;-58,77759;QUILMES / FCIO VARELA / BERAZATEGUI;GBA Sur
Automotor;Otros;AXION;34615;LA CARMELA;55332;RN 9;;CAMPANA COUNTRIES;-34,1663;-58,959;INTERIOR;INTERIOR
Automotor;Otros;AXION;34615;BERISSO;56711;AV MITRE Y GUEMES;;BERISSO;-34,67105;-58,53729;INTERIOR;INTERIOR
Automotor;Otros;AXION;34615;LAVALLOL;56425;CNO. DE CINTURA Y M. SASTRE;;LOMAS DE ZAMORA;-34,53478;-58,5095;LOMAS / ALMTE. BROW / ESTEBAN ECHEVERRIA / EZEIZA;GBA Sur
Automotor;Otros;AXION;34615;LUJAN;56417;C.PELLEGRINI ESQ. LAS ORQUIDEAS;;LUJAN;-34,52183;-58,56324;INTERIOR;INTERIOR
Automotor;Otros;AXION;34615;San Antonio de Padua;122108;RUTA 200 Y MENDOZA;;SAN ANTONIO DE PADUA;-34,66561;-58,738;MORON / ITUZAINGO / HURLINGHAM / MERLO;GBA Oeste
Automotor;Otros;AXION;34615;SERVICIOS LUARCA SA;122030;AV.J D PERON ESQ DE LA TROPILLA;;ITUZAINGO;-34,62832;-58,69057;MORON / ITUZAINGO / HURLINGHAM / MERLO;GBA Oeste
Automotor;Otros;AXION;34615;MASCHWITZ;55333;VILLANUEVA;;INGENIERO MASCHWITZ;-34,3833;-58,75;PILAR / ESCOBAR / ZARATE / CAMPANA;GBA Norte
Automotor;Otros;AXION;34615;VICCEL SRL;122029;CAMINO GRAL. BELGRANO Y AV. ARANA;;VILLA ELISA;-34,86928;-58,0971;INTERIOR;INTERIOR
Automotor;Otros;AXION;34615;QUILMES;56418;CALCHAQUI KM. 22,3;;QUILMES;-34,44512;-58,59753;QUILMES / FCIO VARELA / BERAZATEGUI;GBA Sur
Automotor;Otros;AXION;34615;VILLA BOSCH;56442;SANTOS VEGA Y PALMA;;VILLA BOSCH;-34,7102;-58,2708;SAN MARTIN / 3 DE FEBRERO;GBA Oeste
Automotor;Otros;AXION;34615;COSTACOM SA;123844;RUTA NAC. 11 KM. 327,6;;MAR DEL TUYU;-36,56064;-56,71618;INTERIOR;INTERIOR
Automotor;Otros;AXION;34615;MERLO;56710;Irigoyen y San Juan;;MERLO;-34,67105;-58,53729;MORON / ITUZAINGO / HURLINGHAM / MERLO;GBA Oeste
Automotor;Otros;AXION;34615;VIRREY DEL PINO;56426;Colectora de la Ruta 3 km 36,4;;VIRREY DEL PINO;-34,53478;-58,5095;MATANZA;GBA Oeste
Automotor;Otros;AXION;34615;LANUS;56428;J.MORENO Y C.CASARES;;LANUS;-34,682;-58,67641;LANUS / AVELLANEDA;GBA Sur
Automotor;Otros;AXION;34615;EZEIZA;56438;RUTA 205 - KM. 33,5;;EZEIZA;-34,64919;-58,65322;LOMAS / ALMTE. BROW / ESTEBAN ECHEVERRIA / EZEIZA;GBA Sur
Automotor;Otros;AXION;34615;EMFACO SA Graham Bell;122028;AV. DEL LIBERTADOR Y GRAHAM BELL;;MORENO;-34,62295;-58,77537;MORENO / GRAL RODRIGUEZ / LUJAN;GBA Oeste
Automotor;Otros;AXION;34615;La Plata;122107;Calle 7 y 511;;LA PLATA;-34,8829;-57,99492;INTERIOR;INTERIOR
Automotor;Otros;AXION;34615;GRAL. PAZ PCIA.;55346;Av. Gral. Paz 525 esq. Cuevas;;CIUDADELA;-34,64428;-58,52973;SAN MARTIN / 3 DE FEBRERO;GBA Oeste
Automotor;Otros;AXION;34615;Pacheco;55371;Ruta 197 esq. Mozard;;GENERAL PACHECO;0;0;TIGRE / SAN FERNANDO;GBA Norte
Automotor;Otros;AXION;34615;Laferrere;55347;Av. Rojo esq. Estanislao del Campo;;GREGORIO DE LAFERRERE;-34,74876;-58,58324;MATANZA;GBA Oeste
Automotor;Otros;AXION;34615;25 de Mayo;55343;25 de Mayo esq. Pedriel;;GENERAL SAN MARTIN;-34,57802;-58,53156;SAN MARTIN / 3 DE FEBRERO;GBA Oeste
Automotor;Otros;AXION;34615;PILAR;55337;RN 8;;PILAR;-34,4588;-58,9148;PILAR / ESCOBAR / ZARATE / CAMPANA;GBA Norte
Automotor;Otros;AXION;34615;DON TORCUATO;55370;Ruta 202 esq. Garay;;DON TORCUATO;0;0;TIGRE / SAN FERNANDO;GBA Norte
Automotor;Otros;AXION;34615;La Plata;56421;Calle 7 y 85;;LA PLATA;-34,54514;-58,54871;INTERIOR;INTERIOR
Automotor;Otros;AXION;34615;NTI 2014 - EXFACO PASO DEL REY;122033;INT. GNECCO ESQ QUILMES;;PASO DEL REY;-34,62872;-58,74383;MORENO / GRAL RODRIGUEZ / LUJAN;GBA Oeste
Automotor;Otros;AXION;34615;Zárate;55373;19 de Marzo esq. Ituzaingo;;ZARATE;-34,0967;-59,02287;INTERIOR;INTERIOR
Automotor;Otros;AXION;34615;Echeverría;55345;Camino Cintura esq. Olimpo;;CANNING;-34,74186;-58,49512;LOMAS / ALMTE. BROW / ESTEBAN ECHEVERRIA / EZEIZA;GBA Sur
Automotor;Otros;AXION;34615;VILLA DE MAYO;56415;AV.GRAL LEMOS Y LOS EUCALIPTOS;;SAN MIGUEL;-34,59446;-58,6364;SAN MIGUEL - JOSE C PAZ - MALVINAS;GBA Oeste
Automotor;Otros;AXION;34615;BERNAL;56430;LEBENSOHN Y ASCASUBI;;BERNAL OESTE;-34,66447;-58,68704;QUILMES / FCIO VARELA / BERAZATEGUI;GBA Sur
Automotor;Otros;AXION;34615;Lobos;56707;H. YRIGOYEN Y ARÉVALO;;LOBOS;-34,73197;-58,24823;INTERIOR;INTERIOR
Automotor;Otros;AXION;34615;RUTA 12 SA;56402;RN 12;;CAMPANA COUNTRIES;-34,1663;-58,959;INTERIOR;INTERIOR
Automotor;Otros;AXION;34615;THEAGAS SA;123843;RUTA 2 KM 203;;DOLORES;-36,26252;-57,70985;INTERIOR;INTERIOR
Automotor;Otros;AXION;34615;EMFACO SA San Justo;122026;AV. ILLIA Y PERON;;SAN JUSTO;-34,67318;-58,5611;MATANZA;GBA Oeste
Automotor;Otros;AXION;34615;LA PLATA;56419;CALLE 32 ENTRE 21 Y 22;;LA PLATA;-34,54514;-58,54871;INTERIOR;INTERIOR
Automotor;Otros;AXION;34615;LUJAN;56439;RUTA 5 KM 66,200;;LUJAN;-34,63503;-58,54483;INTERIOR;INTERIOR
Automotor;Otros;AXION;34615;BURZACO;56413;AV. H. YRIGOYEN Y MONTEVERDE;;BURZACO;-34,63121;-58,4529;LOMAS / ALMTE. BROW / ESTEBAN ECHEVERRIA / EZEIZA;GBA Sur
Automotor;Otros;AXION;34615;RIAMBER SA - Adrogue;56712;YRIGOYEN Y SAN MARTIN;;GLEW;-34,45264;-58,57421;LOMAS / ALMTE. BROW / ESTEBAN ECHEVERRIA / EZEIZA;GBA Sur
Automotor;Otros;AXION;34615;NTI 2016 - GNC DEL CARMEN;56354;RN 3;;CAÑUELAS;-35,0551;-58,7585;INTERIOR;INTERIOR
Automotor;Otros;AXION;34615;Gutierrez;55341;Ruta 36 Km. 34 Rot.Gutierrez;;BERAZATEGUI;-34,83828;-58,18954;QUILMES / FCIO VARELA / BERAZATEGUI;GBA Sur
Automotor;Otros;AXION;34615;HURLINGHAM;56416;AV.ROCA (RUTA 201) ESQ.PASO MORALE;;HURLINGHAM;-34,59971;-58,56148;MORON / ITUZAINGO / HURLINGHAM / MERLO;GBA Oeste
Automotor;Otros;AXION;34615;SAN MIGUEL;56434;MITRE Y SAN LORENZO;;SAN MIGUEL;-34,66435;-58,73043;SAN MIGUEL - JOSE C PAZ - MALVINAS;GBA Oeste
Automotor;Otros;AXION;34615;ENERO CASARES SA;122031;RUTA NAC. NRO. 3 Y CARLOS CASARES;;RAFAEL CASTILLO;-34,71997;-58,59711;MATANZA;GBA Oeste
Gastronomía;Bares y Cafés;Balcarce;2478;Belgrano;6944;Cramer y Juramento;;BELGRANO;-34,56037;-58,45381;CABA NORTE;CABA
Automotor;Otros;AXION;34615;PROCOSUD SOCIEDAD ANONIMA;123840;RN 226;;MAR DEL PLATA;-37,988;-57,565;INTERIOR;INTERIOR
Automotor;Otros;AXION;34615;GARÍN;56412;AV. PANAMERICANA KM 41;;GARIN;-34,45164;-58,74025;PILAR / ESCOBAR / ZARATE / CAMPANA;GBA Norte
Automotor;Otros;AXION;34615;Haedo;56427;FASOLA Y GRAL.ACTIS;;HAEDO;-34,51359;-58,74021;MORON / ITUZAINGO / HURLINGHAM / MERLO;GBA Oeste
Automotor;Otros;AXION;34615;ATREUCO PUEL SA;123842;RUTA 74 Y CALLE 26;;GENERAL MADARIAGA;-37,01767;-57,11808;INTERIOR;INTERIOR
Gastronomía;Bares y Cafés;Balcarce;2478;Villa Gesell - Paseo 107;6931;Av. 3 esq. Paseo 107;;VILLA GESELL;-37,25377;-56,98027;INTERIOR;INTERIOR
Automotor;Otros;AXION;34615;Axion - El Palomar;89256;DOLORES PRATS ESQ. PDTE PERON;;EL PALOMAR;-34,63542;-58,59969;MORON / ITUZAINGO / HURLINGHAM / MERLO;GBA Oeste
Gastronomía;Bares y Cafés;Balcarce;2478;CATAN Shopping Mall;12534;Ruta 3 km 29;;GONZALEZ CATAN;-34,75708;-58,61472;MATANZA;GBA Oeste
Gastronomía;Bares y Cafés;Balcarce;2478;Miramar;6926;Calle 40 e/ 15 y 17;;MIRAMAR;-38,25782;-57,83617;INTERIOR;INTERIOR
Viajes y Turismo;Paradores;Balneario Portal del Sol;5540;Mar del Plata;13400;Balneario 1 Complejo Punta Mogotes;;MAR DEL PLATA;-38,06676;-57,54482;INTERIOR;INTERIOR
Gastronomía;Compras Gastronómicas;Be Light;5299;Córdoba;12765;0351 - 155087889;;CORDOBA;-31,44859;-64,16975;INTERIOR;INTERIOR
Viajes y Turismo;Paradores;Balneario Mama Concert's;6401;Pinamar;15642;Av. Del Olimpo y el mar;;PINAMAR;-37,10268;-56,86536;INTERIOR;INTERIOR
Viajes y Turismo;Paradores;Balneario Hurlingham;1024;Mar del Plata;3284;Balneario 22 Punta Mogotes;;MAR DEL PLATA;-37,97986;-57,58979;INTERIOR;INTERIOR
Gastronomía;Restaurantes;Bat Yuseff;2338;La Plata;6604;calle 4 y 64;;LA PLATA;-34,89888;-57,96442;INTERIOR;INTERIOR
Hogar;Colchones;Belmo;2808;Simmons Norcenter Lifestyle Mall;7566;Panamericana bajada Paraná/Debenedetti;;MUNRO;-34,5128;-58,52182;VICENTE LOPEZ;GBA Norte
Hogar;Colchones;Belmo;2808;Simmons Paseo Alcorta;7595;Av. Figueroa Alcorta y Salguero;;PALERMO;-34,58889;-58,43056;CABA NORTE;CABA
Hogar;Colchones;Belmo;2808;Tortugas Open Mall;7597;Panamericana ramal Pilar Km 36,5;;TORTUGUITAS;-34,49596;-58,78827;SAN MIGUEL - JOSE C PAZ - MALVINAS;GBA Oeste
Gastronomía;Comidas Rápidas;Beto‚s;44771;MENDOZA PLAZA SHOPPING;56347;Franklin Villanueva;;VILLA NUEVA DE GUAYMALLEN;-32,91497;-68,79396;INTERIOR;INTERIOR
Hogar;Colchones;Belmo;2808;Simmons Portal Tucumán;7618;Universo y Cariola;;YERBA BUENA;-26,81819;-65,28147;INTERIOR;INTERIOR
Hogar;Colchones;Belmo;2808;Simmons Portal Trelew;7620;Portal Trelew;;TRELEW;-43,24913;-65,3074;INTERIOR;INTERIOR
Gastronomía;Comidas Rápidas;Beto‚s;44771;PARQUE AVELLANEDA SHOPPING;55468;Autopista Bs As/La Plata Km 9;;AVELLANEDA;-34,68265;-58,33379;LANUS / AVELLANEDA;GBA Sur
Gastronomía;Comidas Rápidas;Beto‚s;44771;Trelew;55471;Av. Hipólito Yrigoyen y Ruta Provincial Nº7;;TRELEW;-43,26826;-65,28686;INTERIOR;INTERIOR
Gastronomía;Comidas Rápidas;Beto‚s;44771;SANTIAGO DEL ESTERO;55417;AV RIVADAVIA OESTE PROLONG;;SANTIAGO DEL ESTERO;-27,7932;-64,2623;INTERIOR;INTERIOR
Gastronomía;Comidas Rápidas;Beto‚s;44771;CATAMARCA€;56341;Av. Gob. Felipe Figueroa esq. Ignacio de Agüero;;SAN FDO DEL VALLE DE CATAMARCA;-28,46576;-65,8018;INTERIOR;INTERIOR
Gastronomía;Comidas Rápidas;Beto‚s;44771;GALERIAS PACÍFICO;56340;Av. Cordoba y Florida;;RETIRO;-34,59869;-58,37759;CABA SUR;CABA
Gastronomía;Restaurantes;Bingo Oasis Pilar;5756;Pilar;13893;Panamericana Km 50.5, Ramal Pilar;;PILAR;-34,45591;-58,90833;PILAR / ESCOBAR / ZARATE / CAMPANA;GBA Norte
Gastronomía;Comidas Rápidas;Beto‚s;44771;TORTUGUITAS;56339;Panamericana Km 36.5 - Ramal Pilar;;PILAR;-34,45329;-58,73162;PILAR / ESCOBAR / ZARATE / CAMPANA;GBA Norte
Compras;Otros;Bodega Tapiz;5305;Agrelo;12772;Ruta 15kM. 32;;LUJAN DE CUYO;-33,08399;-68,88657;INTERIOR;INTERIOR
Hogar;Equipamiento;Blaisten;5841;Blaisten Pilar;14155;Panamericana;;PILAR;-34,45591;-58,90833;PILAR / ESCOBAR / ZARATE / CAMPANA;GBA Norte
Gastronomía;Comidas Rápidas;Burger King;2630;Torres del Sol;16041;Panamericana km 50;;PILAR;-34,43914;-58,85835;PILAR / ESCOBAR / ZARATE / CAMPANA;GBA Norte
Gastronomía;Comidas Rápidas;Burger King;2630;Champagnat;16035;Av. Panamericana y Champagnat;;PILAR;-34,44146;-58,92403;PILAR / ESCOBAR / ZARATE / CAMPANA;GBA Norte
Gastronomía;Comidas Rápidas;Burger King;2630;Punta del Este;7260;Gorlero y 27;;PUNTA DEL ESTE;0;0;URUGUAY;MERCOSUR
Gastronomía;Comidas Rápidas;Burger King;2630;Terrazas de Mayo;16063;Ruta 202 y Ruta 8;;MALVINAS ARGENTINAS;0;0;LOMAS / ALMTE. BROW / ESTEBAN ECHEVERRIA / EZEIZA;GBA Sur
Gastronomía;Comidas Rápidas;Burger King;2630;Tortugas;16032;Av. Constituyentes y Autopista Panamericana;;TORTUGUITAS;-34,47509;-58,75375;SAN MIGUEL - JOSE C PAZ - MALVINAS;GBA Oeste
Viajes y Turismo;Hoteles;Calma Nono;41090;Calma Nono - Traslasierra;51103;Las Acequias S/N Nono Córdoba;;NONO;-31,84359;-64,96131;INTERIOR;INTERIOR
Moda;Indumentaria Deportiva;Caro Up;4493;Gualeguay;11146;San Antonio y 9 de Julio;;GUALEGUAY;-33,15124;-59,33441;INTERIOR;INTERIOR
Supermercado;Supermercado;Carrefour;312;Carrefour Mini Resistencia;1952;Avenida Avalos y Lavalle;;RESISTENCIA;-27,43862;-58,98642;INTERIOR;INTERIOR
Supermercado;Supermercado;Carrefour;312;Carrefour Mendoza;1930;Rondeau y Urquiza;;VILLA NUEVA DE GUAYMALLEN;-32,90806;-68,79039;INTERIOR;INTERIOR
Supermercado;Supermercado;Carrefour;312;Carrefour Express Paraná Don Bosco;2064;Avenida Don Bosco y Suipacha;;PARANA;-31,7343;-60,50743;INTERIOR;INTERIOR
Supermercado;Supermercado;Carrefour;312;Carrefour Express - Glew;7911;Sarmiento 72;;GLEW;-34,88936;-58,38524;LOMAS / ALMTE. BROW / ESTEBAN ECHEVERRIA / EZEIZA;GBA Sur
Supermercado;Supermercado;Carrefour;312;Carrefour San Fernando;1939;Ruta 202 y Ramal Tigre;;SAN FERNANDO;-34,45096;-58,57581;TIGRE / SAN FERNANDO;GBA Norte
Supermercado;Supermercado;Carrefour;312;Carrefour Market - Almagro;7995;Avenida Diaz Velez y Medrano S/N;;ALMAGRO;-34,60859;-58,42147;CABA OESTE;CABA
Supermercado;Supermercado;Carrefour;312;Carrefour Express Gualeguaychú;2049;Ruta Nac. 136 esquina Primera Junta;;GUALEGUAYCHU;-32,99154;-58,52216;INTERIOR;INTERIOR
Espectáculos;Espectáculos y Eventos;CASA VALENTINA;36641;Teatro Atlas;127184;Av. Luro esq. Corrientes;;MAR DEL PLATA;-38,13408;-57,83197;INTERIOR;INTERIOR
Viajes y Turismo;Hoteles;Cerros de Terciopelo;5270;Salta;12663;Ruta Provincial km 23.9;;ROSARIO DE LERMA;-24,98291;-65,5829;INTERIOR;INTERIOR
Heladerías;Heladerías;Chungo;100;Paseo Pilar Shopping;319;Panamericana Km 44, Ramal Pilar;;PILAR;-34,44992;-58,9082;PILAR / ESCOBAR / ZARATE / CAMPANA;GBA Norte
Heladerías;Heladerías;Chungo;100;Parque Comercial Avellaneda;323;Autopista Bs.As.- La Plata Km. 9;;AVELLANEDA;-34,61095;-58,43044;LANUS / AVELLANEDA;GBA Sur
Jugueterías;Jugueterías;City Kids;305;Malvinas Argentinas;15344;Intersección de Ruta 202 y Ruta 8;;MALVINAS ARGENTINAS;-34,62492;-58,45195;LOMAS / ALMTE. BROW / ESTEBAN ECHEVERRIA / EZEIZA;GBA Sur
Heladerías;Heladerías;Chungo;100;Showcase Cinema Norcenter;309;Ruta Panamericana y Debenedetti;;VICENTE LOPEZ;-34,52812;-58,47382;VICENTE LOPEZ;GBA Norte
Heladerías;Heladerías;Chungo;100;Norcenter Lifestyle Mall;310;Ruta Panamericana y Debenedetti;;VICENTE LOPEZ;-34,52812;-58,47382;VICENTE LOPEZ;GBA Norte
Entretenimiento;Cines;Cinemark;2325;Santa Fe;6577;Shopping La Ribera Dique 1 Puerto de Santa Fe;;SANTA FE;-31,63239;-60,69946;INTERIOR;INTERIOR
Heladerías;Heladerías;Chungo;100;Showcase Cinema Quilmes;313;Lavalle y Humberto 1º;;QUILMES;-34,72602;-58,25436;QUILMES / FCIO VARELA / BERAZATEGUI;GBA Sur
Entretenimiento;Cines;Cinemark;2325;Tortugas;6578;Ruta Panamericana Km. 36,5 Ramal Pilar;;TORTUGUITAS;-34,45786;-58,7192;SAN MIGUEL - JOSE C PAZ - MALVINAS;GBA Oeste
Entretenimiento;Cines;Cinemark;2325;San Justo;6575;Brigadier Juan Manuel de Rosas y Camino de Cintura;;SAN JUSTO;-34,68606;-58,55986;MATANZA;GBA Oeste
Entretenimiento;Cines;Cinemark;2325;Malvinas Argentinas;6576;Ruta 8 y Ruta 202;;MALVINAS ARGENTINAS;-34,81631;-58,42165;LOMAS / ALMTE. BROW / ESTEBAN ECHEVERRIA / EZEIZA;GBA Sur
Jugueterías;Jugueterías;City Kids;305;Terrazas de Mayo;126133;CRUCE DE RUTA 8 Y RUTA 202;;VILLA DE MAYO;-34,53219;-58,70122;SAN MIGUEL - JOSE C PAZ - MALVINAS;GBA Oeste
Jugueterías;Jugueterías;City Kids;305;Paseo Pilar;5584;Panamericana Km 44, Ramal Pilar;;PILAR;-34,45354;-58,93794;PILAR / ESCOBAR / ZARATE / CAMPANA;GBA Norte
Moda;Calzados;Citadium;6123;Portal Escobar;14767;Ruta 9 y Ruta 25;;BELEN DE ESCOBAR;-34,33333;-58,81667;PILAR / ESCOBAR / ZARATE / CAMPANA;GBA Norte
Heladerías;Heladerías;Colonial;6313;Mar del Plata Güemes;15331;Güemes Esquina Avellaneda;;MAR DEL PLATA;-38,00449;-57,56804;INTERIOR;INTERIOR
Heladerías;Heladerías;Colonial;6313;Mar Azul;15316;Av. Punta del Este y Calle 34;;MAR AZUL;-37,34254;-57,03567;INTERIOR;INTERIOR
Hogar;Pinturerías;Colorshop;4759;COLORSHOP;21302;Belgrano;;VILLA DOLORES;0;0;INTERIOR;INTERIOR
Hogar;Pinturerías;Colorshop;4759;COLORSHOP;21278;CIPOLLETTI Esquina ARRAYANES;;VILLA REGINA;0;0;INTERIOR;INTERIOR
Hogar;Pinturerías;Colorshop;4759;Nine Shopping;11569;Autopista del Oeste y Av. Victorica;;MORENO;-34,63491;-58,79165;MORENO / GRAL RODRIGUEZ / LUJAN;GBA Oeste
Hogar;Pinturerías;Colorshop;4759;COLORSHOP;21290;San Francisco del Monte Esq.Gral.Acha;;SAN JUAN;0;0;INTERIOR;INTERIOR
Hogar;Pinturerías;Colorshop;4759;COLORSHOP;21177;Calle 2 lateral Ruta 3;;SIERRA GRANDE;0;0;INTERIOR;INTERIOR
Heladerías;Heladerías;Colonial;6313;Villa Gesell;15320;Av. 3 y Paseo 104;;VILLA GESELL;-37,24939;-56,97533;INTERIOR;INTERIOR
Hogar;Pinturerías;Colorshop;4759;COLORSHOP;21220;San Martin;;VILLA ANGELA;0;0;INTERIOR;INTERIOR
Hogar;Pinturerías;Colorshop;4759;COLORSHOP;21204;Av. Belgrano (S) No. 2 (esq. Rivadavia);;SANTIAGO DEL ESTERO;0;0;INTERIOR;INTERIOR
Hogar;Pinturerías;Colorshop;4759;COLORSHOP;21255;Cordoba;;MONTE MAIZ;0;0;INTERIOR;INTERIOR
Hogar;Pinturerías;Colorshop;4759;COLORSHOP;21202;Av. Besares esq. Alem;;LA BANDA;0;0;INTERIOR;INTERIOR
Hogar;Pinturerías;Colorshop;4759;COLORSHOP;21218;Kuanip y Primer Argentino;;USHUAIA;0;0;INTERIOR;INTERIOR
Hogar;Pinturerías;Colorshop;4759;COLORSHOP;21189;Mariano Moreno Esq Nahuel Huapi;;JARDIN AMERICA;0;0;INTERIOR;INTERIOR
Hogar;Pinturerías;Colorshop;4759;COLORSHOP;21161;Jose Manabella;;ADELIA MARIA;0;0;INTERIOR;INTERIOR
Hogar;Pinturerías;Colorshop;4759;COLORSHOP;21188;Av. Rep Argentina Esq. Guatambu;;PUERTO IGUAZU;0;0;INTERIOR;INTERIOR
Hogar;Pinturerías;Colorshop;4759;COLORSHOP;21207;Avellaneda Esq. 25 de Mayo;;SANTIAGO DEL ESTERO;0;0;INTERIOR;INTERIOR
Hogar;Pinturerías;Colorshop;4759;COLORSHOP;21295;Av. 58 y calle 67;;NECOCHEA;0;0;INTERIOR;INTERIOR
Hogar;Pinturerías;Colorshop;4759;COLORSHOP;21282;Santamarina;;TANDIL;0;0;INTERIOR;INTERIOR
Hogar;Pinturerías;Colorshop;4759;COLORSHOP - Misiones;21183;Av Lopez y Planes;;POSADAS;0;0;INTERIOR;INTERIOR
Hogar;Pinturerías;Colorshop;4759;COLORSHOP;21144;Los Eucaliptos 1 y P. Pobladores;;COLONIA CENTENARIO;0;0;INTERIOR;INTERIOR
Hogar;Pinturerías;Colorshop;4759;COLORSHOP;21187;Las Heras Esq 9 de Julio;;LEANDRO N ALEM;0;0;INTERIOR;INTERIOR
Hogar;Pinturerías;Colorshop;4759;COLORSHOP;21203;Rep. Del Libano esq Av. Belgrano;;LA BANDA;0;0;INTERIOR;INTERIOR
Hogar;Pinturerías;Colorshop;4759;COLORSHOP;21209;Yrigoyen;;TRELEW;0;0;INTERIOR;INTERIOR
Hogar;Pinturerías;Colorshop;4759;COLORSHOP;21185;San Luis esq. Bolivar;;POSADAS;0;0;INTERIOR;INTERIOR
Hogar;Pinturerías;Colorshop;4759;COLORSHOP;21176;Dr. Fischer esq. Bv. Sanguinetti;;ARMSTRONG;0;0;INTERIOR;INTERIOR
Hogar;Pinturerías;Colorshop;4759;COLORSHOP;21179;Islas Malvinas y Lugones;;RIO GRANDE;0;0;INTERIOR;INTERIOR
Hogar;Pinturerías;Colorshop;4759;COLORSHOP;21200;Av. Vieytes;;CHACABUCO;0;0;INTERIOR;INTERIOR
Moda;Indumentaria Deportiva;Columbia;10079;Columbia Store;20085;Av. Ramon y Ruta 7 loc.26;;NEUQUEN;-38,9413;-68,06879;INTERIOR;INTERIOR
Viajes y Turismo;Hoteles;Costa Colonia Riverside Boutique Hotel;4290;Colonia Del Sacramento;10784;Torres García 1102 esquina Rambla Costanera;;COLONIA DEL SACRAMENTO;-34,46028;-57,84101;URUGUAY;MERCOSUR
Hogar;Pinturerías;Colorshop;4759;COLORSHOP;21238;Clark;;VILLA RAMALLO EST FFCC;0;0;INTERIOR;INTERIOR
Hogar;Pinturerías;Colorshop;4759;COLORSHOP;21158;Av. Belgrano;;BIALET MASSE;0;0;INTERIOR;INTERIOR
Gastronomía;Restaurantes;Complejo Las Dunas;5156;Potrero de los Funes;8221;Papagayos y Piquillines;;POTRERO DE LOS FUNES;-33,21324;-66,22454;INTERIOR;INTERIOR
Moda;Indumentaria Deportiva;Dash Deportes;1383;Necochea;4094;Av 58 y Av 75;;NECOCHEA;-38,56295;-58,74421;INTERIOR;INTERIOR
Moda;Indumentaria Deportiva;Dash Deportes;1383;Laferrere;9109;Ruta 21 y Carlos Casares;;GREGORIO DE LAFERRERE;-34,72909;-58,58398;MATANZA;GBA Oeste
Viajes y Turismo;Hoteles;Dazzler Campana;5827;Dazzler Campana;14116;Ruta Panamericana km 66,5;;CAMPANA COUNTRIES;-34,63123;-58,47501;INTERIOR;INTERIOR
Moda;Indumentaria Deportiva;Dash Deportes;1383;Malvinas Argentinas;5571;Av. del Sesquicentenario;;MALVINAS ARGENTINAS;-34,49841;-58,70941;LOMAS / ALMTE. BROW / ESTEBAN ECHEVERRIA / EZEIZA;GBA Sur
Automotor;Neumáticos;Daytona;454;Monte;2206;Ruta 3 Km. 109;;SAN MIGUEL DEL MONTE;-35,5024;-58,85856;INTERIOR;INTERIOR
Servicios;Servicios;Deautos.com;5776;Deautos.com;13942;www.deautos.com;;PALERMO;0;0;CABA NORTE;CABA
Cuidado Personal;Centros de Estética;Depilogie;2061;Tortugas Open Mall;5806;Ruta Panamericana ramal Pilar km 36,5;;TORTUGUITAS;-34,47509;-58,75375;SAN MIGUEL - JOSE C PAZ - MALVINAS;GBA Oeste
Heladerías;Heladerías;Dolcíssimo;4241;Berazategui;10729;Av. Mitre y calle 6;;BERAZATEGUI;-34,75296;-58,21432;QUILMES / FCIO VARELA / BERAZATEGUI;GBA Sur
Gastronomía;Bares y Cafés;Dolce Café Espresso;6409;Mar del Plata;15712;Della Paola entre Constitución y Ruta 2 Carrefour Contitución;;MAR DEL PLATA;-37,97986;-57,58979;INTERIOR;INTERIOR
Hogar;Equipamiento;Easy;1840;Easy Córdoba III;5183;Av Juan B Justo y Circunvalacion;;LOS GIGANTES;-31,4;-64,78334;INTERIOR;INTERIOR
Hogar;Equipamiento;Easy;1840;Easy José C Paz;5208;Ruta Nac. N° 8;;JOSE CLEMENTE PAZ;-34,51511;-58,76625;SAN MIGUEL - JOSE C PAZ - MALVINAS;GBA Oeste
Hogar;Equipamiento;Easy;1840;Easy San Miguel;5191;Av Mitre y Constitucion;;SAN MIGUEL;-34,55848;-58,7354;SAN MIGUEL - JOSE C PAZ - MALVINAS;GBA Oeste
Hogar;Equipamiento;Easy;1840;Easy San Justo 2;5209;Av Rodolfo Bufano y Matheu;;SAN JUSTO;-34,68313;-58,5479;MATANZA;GBA Oeste
Gastronomía;Delivery;El Noble;1222;Alto Palermo Shopping;8775;Coronel Díaz;;PALERMO;-34,58706;-58,40866;CABA NORTE;CABA
Gastronomía;Delivery;El Noble;1222;Wal Mart Dot;14122;Vedia 3626;;SAAVEDRA;-34,54504;-58,48761;CABA NORTE;CABA
Gastronomía;Delivery;El Noble;1222;Tortugas Open Mall;14121;Panamericana Ruta 8 Km 36,5;;TORTUGUITAS;-34,47509;-58,75375;SAN MIGUEL - JOSE C PAZ - MALVINAS;GBA Oeste
Gastronomía;Delivery;El Noble;1222;City Bell;3826;Calle 473 y 13 B;;CITY BELL;-34,86618;-58,0424;INTERIOR;INTERIOR
Gastronomía;Delivery;El Noble;1222;San Salvador de Jujuy;12495;Belgrano y Gorriti;;SAN SALVADOR DE JUJUY;-24,19002;-65,29869;INTERIOR;INTERIOR
Gastronomía;Delivery;El Noble;1222;Punta del Este;9986;Los Alpes esquina Viena;;PUNTA DEL ESTE;-34,93971;-54,93581;URUGUAY;MERCOSUR
Gastronomía;Delivery;El Noble;1222;Puerto de frutos;12493;Los Mimbres;;TIGRE;-34,42107;-58,572;TIGRE / SAN FERNANDO;GBA Norte
Gastronomía;Delivery;El Noble;1222;Wal-Mart San Luis;12499;Av. El Fundador y Ruta147;;SAN LUIS;-33,30222;-66,3368;INTERIOR;INTERIOR
Gastronomía;Restaurantes;El Rincón Empanadas;2767;Ciudad Vieja;7504;Rincon y Zabala;;MONTEVIDEO;-34,89373;-56,24679;URUGUAY;MERCOSUR
Espectáculos;Espectáculos y Eventos;Extinguidas;116512;Teatro Atlas;127877;Av. Luro esq. Corrientes;;MAR DEL PLATA;-37,99998;-57,54507;INTERIOR;INTERIOR
Viajes y Turismo;Transporte;Especial Transportes;8012;Especial Transportes;18262;Especial Transporte;;PALERMO;-34,57933;-58,42437;CABA NORTE;CABA
Moda;Indumentaria Deportiva;Family Sports;80;Rocamadour Plaza Oeste;5998;J. M. de Rosas (ex Vergara) y Aut. del Oeste;;MORON;-34,65586;-58,61672;MORON / ITUZAINGO / HURLINGHAM / MERLO;GBA Oeste
Moda;Indumentaria Deportiva;Family Sports;80;Carrefour San Fernando;6835;Ruta 202 y Acceso Tigre;;SAN FERNANDO;-34,45285;-58,57511;TIGRE / SAN FERNANDO;GBA Norte
Moda;Indumentaria Deportiva;Family Sports;80;Venta Telefonica;5996;vta telefonica;;VILLA CRESPO;-34,6;-58,45;CABA OESTE;CABA
Hogar;Equipamiento;Foschia;225;Munro;6081;Av. Velez Sarsfield y Sargentobaigorria;;MUNRO;-34,53042;-58,52435;VICENTE LOPEZ;GBA Norte
Compras;Regalos;Galazzi;839;Pilar;2948;Panamericana Ramal Pilar Km. 50;;PILAR;-34,44996;-58,90823;PILAR / ESCOBAR / ZARATE / CAMPANA;GBA Norte
Automotor;Neumáticos;Hankook;309;General Ramírez;13814;Ruta Nac. 12 y Acceso a Gral. Ramirez;;RAMIREZ;-32,17249;-60,2026;INTERIOR;INTERIOR
Moda;Calzados;Grisel Sant;9297;Grisel Sant;19298;Online;;QUILMES;-34,72305;-58,25147;QUILMES / FCIO VARELA / BERAZATEGUI;GBA Sur
Heladerías;Heladerías;Heladerías Veneto;2617;Santa Fé;8541;Bv. Galvez y 9 de Julio;;SANTA FE;-33,0293;-60,64806;INTERIOR;INTERIOR
Heladerías;Heladerías;Heladerías Veneto;2617;Santa Fe;14195;Sauce Viejo;;SANTA FE;-31,77047;-60,83547;INTERIOR;INTERIOR
Heladerías;Heladerías;Heladerías Veneto;2617;Pque Industrial;7314;PARQUE INDUSTRIAL;;SAUCE VIEJO;-31,77047;-60,83547;INTERIOR;INTERIOR
Moda;Accesorios;Hipervisión;2033;Tortugas Open Mall;5772;Ruta Panamericana ramal Pilar km 36,5;;TORTUGUITAS;-34,49596;-58,78827;SAN MIGUEL - JOSE C PAZ - MALVINAS;GBA Oeste
Viajes y Turismo;Hoteles;Hotel & Spa La Cheminee;6024;San Martin de los Andes;14544;Pdte Gral Roca y Mariano Moreno;;SAN MARTIN DE LOS ANDES;-40,15597;-71,35463;INTERIOR;INTERIOR
Viajes y Turismo;Hoteles;Hotel InterContinental Mendoza;1309;Guaymallén;3957;Blvd. Perez Cuesta esq Acceso Lateral Este;;VILLA NUEVA DE GUAYMALLEN;-32,87653;-68,69165;INTERIOR;INTERIOR
Viajes y Turismo;Hoteles;Hotel de las Nubes;5312;San Antonio de los Cobres;12784;Ruta Nacional 51;;SAN ANTONIO DE LOS COBRES;-24,2607;-66,22046;INTERIOR;INTERIOR
Viajes y Turismo;Hoteles;Hotel y Spa Costarenas;112835;Hotel y Spa Costaneras - Colón;122849;Av. Quiros y 12 de abril;;COLON;-32,21957;-58,14713;INTERIOR;INTERIOR
Viajes y Turismo;Hoteles;Hotel Fuente Mayor;5833;Mendoza;14128;Ruta 92 km 15;;MENDOZA;-32,9441;-68,80828;INTERIOR;INTERIOR
Viajes y Turismo;Hoteles;Howard Johnson Piedras Moras;6069;Cordoba;14637;Ruta Prov. N°6 Km 1,7;;CORDOBA;-31,4148;-64,18382;INTERIOR;INTERIOR
Educación;Cursos y Seminarios;IAC;306;Pico Truncado;1310;Pasaje Juan de Garay y Sarmiento;;PICO TRUNCADO;-46,79901;-67,96692;INTERIOR;INTERIOR
Educación;Cursos y Seminarios;IAC;306;Termas de Río Hondo;1307;25 de Mayo y San Lorenzo;;TERMAS DE RIO HONDO;-27,49476;-64,85929;INTERIOR;INTERIOR
Viajes y Turismo;Hoteles;Iguazú Grand Hotel & Resort Spa & Casino;2157;Puerto Iguazú;5999;Ruta 12 Km 1640;;PUERTO IGUAZU;-25,62904;-54,54544;INTERIOR;INTERIOR
Compras;Fotografía;Imagena;1296;Parque Patricios;3946;www.imagena.com;;PARQUE PATRICIOS;-34,63782;-58,39812;CABA SUR;CABA
Gastronomía;Restaurantes;Itamae Sushi;308;Pilar;1342;Panamericana Ramal Pilar Km. 50;;PILAR;-34,80637;-58,40631;PILAR / ESCOBAR / ZARATE / CAMPANA;GBA Norte
Tienda Online;Moda;Indybuy.com;3881;Villa Crespo;9671;www.indybuy.com;;VILLA CRESPO;-34,6;-58,45;CABA OESTE;CABA
Gastronomía;Comidas Rápidas;KFC;6505;KFC;16451;Florida y Av. Córdoba;;SAN NICOLAS;-34,59906;-58,38124;CABA SUR;CABA
Gastronomía;Restaurantes;Kuma;3715;Montevideo;9321;26 de Marzo y Osorio;;MONTEVIDEO;-34,9058;-56,13737;URUGUAY;MERCOSUR
Gastronomía;Delivery;Kokoro Sushi;6022;Delivery;14542;www.kokorosushi.com.ar;;BELGRANO;-34,5607;-58,47472;CABA NORTE;CABA
Hogar;Colchones;La Cardeuse;82;Buenos Aires Design;233;Av. Pueyrredón y Libertador;;RECOLETA;-34,59056;-58,39056;CABA SUR;CABA
Moda;Accesorios;La Cocina Discreta-Restaurant a Puertas Cerradas;6377;Villa Crespo;15531;Villa Crespo;;VILLA CRESPO;-34,60286;-58,44621;CABA OESTE;CABA
Jugueterías;Jugueterías;La Nave;3042;La Plata;8159;Calle 44 y 27;;LA PLATA;-34,89669;-57,93999;INTERIOR;INTERIOR
Viajes y Turismo;Hoteles;La Galeria Apart Hotel;4248;Carilo;10739;Jacaranda y Albatros;;CARILO;-37,1615;-56,89931;INTERIOR;INTERIOR
Compras;Otros;La Tranquera;6232;Rosario;15085;Santa Fe (Esquina Avellaneda);;ROSARIO;-33,02554;-60,63036;INTERIOR;INTERIOR
Entretenimiento;Deportes;LA PERLA WAKEPARK;116448;LA PERLA WAKEPARK;126523;FUTALEUFU y Puente a Balsa Las Perlas;;NEUQUEN;-38,9515;-68,0839;INTERIOR;INTERIOR
Heladerías;Heladerías;La Yogurteria;3066;Tortugas;8212;Constituyentes y Panamericana, Ramal Pilar Tortuguitas;;TORTUGUITAS;-34,49596;-58,78827;SAN MIGUEL - JOSE C PAZ - MALVINAS;GBA Oeste
Gastronomía;Delivery;Le Boutique;113605;Rosario;125705;;;ROSARIO;0;0;INTERIOR;INTERIOR
Moda;Indumentaria Deportiva;Le coq Sportif;3912;EL PORTAL DE ESCOBAR;14646;RUTA 25 y PANAMERICA;;BELEN DE ESCOBAR;-34,33333;-58,81667;PILAR / ESCOBAR / ZARATE / CAMPANA;GBA Norte
Cuidado Personal;Peluquerías;Leo Paparella;4077;Novo Pacheco;10326;Boulogne Sur Mer 1275;;GENERAL PACHECO;-34,4738;-58,62592;TIGRE / SAN FERNANDO;GBA Norte
Cuidado Personal;Peluquerías;Leo Paparella;4077;Tigre;10325;Centro comerrcial Puerto Tigre;;TIGRE;-34,42509;-58,57966;TIGRE / SAN FERNANDO;GBA Norte
Viajes y Turismo;Hoteles;Los Cuatro Amaneceres;8576;Los Cuatro Amaneceres;18923;Tomas Jofré Ruta 42 Km 8 S/N;;TOMAS JOFRE;34,70564;-59,31553;INTERIOR;INTERIOR
Hogar;Equipamiento;Mader Vent;1426;Berazategui;14045;Autopista Bs As. La Plata Km30, Salida Platanos.;;BERAZATEGUI;-34,78223;-58,16877;QUILMES / FCIO VARELA / BERAZATEGUI;GBA Sur
Gastronomía;Restaurantes;Madero Tango;127;Puerto Madero;765;Alicia Moreau de Justo Y Brasil;;PUERTO MADERO;-34,61043;-58,36171;CABA SUR;CABA
Jugueterías;Jugueterías;Magneto;183;TortugasOpen Mall;2867;Ruta Panamericana Km. 36,5;;TORTUGUITAS;-34,49596;-58,78827;SAN MIGUEL - JOSE C PAZ - MALVINAS;GBA Oeste
Electro & Tecnología;Electro & Tecnología;MAITESS;113602;San Carlos;123669;Belgrano y T. Lubary;;SANTA FE;-31,72788;-61,09395;INTERIOR;INTERIOR
Gastronomía;Restaurantes;Mariskonea;6536;Punta del Este;16209;calle 21 La Galerna;;PUNTA DEL ESTE;-34,96462;-54,94461;URUGUAY;MERCOSUR
Moda;Calzados;Mary & Joe;4355;San Justo Shopping;10873;Cruce de Juan Manuel de Rosas y Camino de Cintura;;SAN JUSTO;-34,68357;-58,55734;MATANZA;GBA Oeste
Gastronomía;Comidas Rápidas;Mc Donald‚s;319;Del Viso;1535;Ruta 26 y Av. 12 de Octubre;;DEL VISO;-34,43704;-58,81108;PILAR / ESCOBAR / ZARATE / CAMPANA;GBA Norte
Electro & Tecnología;Electro & Tecnología;MAITESS;113602;Esperanza;123671;Belgrano y 25 de Mayo;;SANTA FE;-31,44835;-60,93145;INTERIOR;INTERIOR
Gastronomía;Comidas Rápidas;Mc Donald‚s;319;Quilmes - Open 24;1529;Brandsen esq. Mitre;;QUILMES;-34,72602;-58,25436;QUILMES / FCIO VARELA / BERAZATEGUI;GBA Sur
Gastronomía;Comidas Rápidas;Mc Donald‚s;319;Plaza España Córdoba;1531;Hipólito Yrigoyen esq. Boulevard Chacabuco;;CORDOBA;-31,42872;-64,18498;INTERIOR;INTERIOR
Gastronomía;Comidas Rápidas;Mc Donald‚s;319;Tigre - Open 24;1504;Bartolomé Mitre e Italia;;TIGRE;-34,4264;-58,57128;TIGRE / SAN FERNANDO;GBA Norte
Gastronomía;Comidas Rápidas;Mc Donald‚s;319;Shopping Paseo del Sol;1447;RUTA NAC.168 KM.473,6,;;SANTA FE;-31,64085;-60,66765;INTERIOR;INTERIOR
Gastronomía;Delivery;María y Compañia;7880;María y Compañia - Vicente López;17881;https://www.facebook.com/mariayciacatering;;VICENTE LOPEZ;0;0;VICENTE LOPEZ;GBA Norte
Gastronomía;Comidas Rápidas;Mc Donald‚s;319;Monte Grande;1436;Boulevard Buenos Aires 136;;MONTE GRANDE;-34,81853;-58,46412;LOMAS / ALMTE. BROW / ESTEBAN ECHEVERRIA / EZEIZA;GBA Sur
Gastronomía;Comidas Rápidas;Mc Donald‚s;319;Rotonda Gutierrez;1476;Rotonda Gutierrez y Au. B.A. La Plata;;BERAZATEGUI;-34,762;-58,2113;QUILMES / FCIO VARELA / BERAZATEGUI;GBA Sur
Gastronomía;Comidas Rápidas;Mc Donald‚s;319;Carrefour La Plata;1465;Gral. Belgrano e/ 514 y 517;;LA PLATA;-34,8811;-58,05622;INTERIOR;INTERIOR
Gastronomía;Comidas Rápidas;Mc Donald‚s;319;Carrefour Moreno;1648;Av. Gaona entre Graham Bell y Avellaneda;;MORENO;-34,63401;-58,79138;MORENO / GRAL RODRIGUEZ / LUJAN;GBA Oeste
Gastronomía;Comidas Rápidas;Mc Donald‚s;319;Córdoba;1532;Av. Fuerza Aerea esq. Zapaleri;;CORDOBA;-31,43405;-64,22921;INTERIOR;INTERIOR
Gastronomía;Comidas Rápidas;Mc Donald‚s;319;Rosario;1403;Av. Córdoba y Caferatta;;ROSARIO;-32,9405;-60,67109;INTERIOR;INTERIOR
Gastronomía;Comidas Rápidas;Mc Donald‚s;319;Castelar;1483;Av. Juan M. de Rosas 658/760;;CASTELAR;-34,63492;-58,62851;MORON / ITUZAINGO / HURLINGHAM / MERLO;GBA Oeste
Gastronomía;Comidas Rápidas;Mc Donald‚s;319;Avellaneda;1501;Acc. Sudeste Entre Ramallo y Nicaragua;;AVELLANEDA;-34,67874;-58,33801;LANUS / AVELLANEDA;GBA Sur
Gastronomía;Comidas Rápidas;Mc Donald‚s;319;Córdoba;1409;Av. O'Higgins y Calmayo;;CORDOBA;-31,39893;-64,18213;INTERIOR;INTERIOR
Gastronomía;Comidas Rápidas;Mc Donald‚s;319;Córdoba;1510;Av. Colón esquina Avellaneda;;CORDOBA;-31,40914;-64,19608;INTERIOR;INTERIOR
Gastronomía;Comidas Rápidas;Mc Donald‚s;319;Club Provincial Rosario;1518;Boulevard Oroño y Av. Cura;;ROSARIO;-32,97057;-60,6601;INTERIOR;INTERIOR
Gastronomía;Comidas Rápidas;Mc Donald‚s;319;Nordelta;1541;Ruta 27 Km. 6,5;;TIGRE;-34,40632;-58,62158;TIGRE / SAN FERNANDO;GBA Norte
Gastronomía;Comidas Rápidas;Mc Donald‚s;319;Palmares Mendoza;1493;Ruta Panamericana 2650;;MENDOZA;-32,89152;-68,86227;INTERIOR;INTERIOR
Gastronomía;Comidas Rápidas;Mc Donald‚s;319;Villa Carlos Paz;10248;Av. General Paz;;VILLA CARLOS PAZ;-31,42885;-64,49999;INTERIOR;INTERIOR
Gastronomía;Comidas Rápidas;Mc Donald‚s;319;Carrefour San Miguel - Open 24;1442;Ruta 8 y Ruta 202;;SAN MIGUEL;-34,55848;-58,7354;SAN MIGUEL - JOSE C PAZ - MALVINAS;GBA Oeste
Gastronomía;Comidas Rápidas;Mc Donald‚s;319;Hipermercado Libertad;1512;Fray Luis Beltran y Cardeñosa;;CORDOBA;-31,36582;-64,21598;INTERIOR;INTERIOR
Gastronomía;Comidas Rápidas;Mc Donald‚s;319;Ezeiza International Airport - Open 24;1551;Ezeiza International Airport;;EZEIZA;-34,82209;-58,52948;LOMAS / ALMTE. BROW / ESTEBAN ECHEVERRIA / EZEIZA;GBA Sur
Gastronomía;Comidas Rápidas;Mc Donald‚s;319;San Fernando;1414;Av. Hipólito Yrigoyen, ramal Tigre;;SAN FERNANDO;-34,45142;-58,57549;TIGRE / SAN FERNANDO;GBA Norte
Gastronomía;Comidas Rápidas;Mc Donald‚s;319;Rosario;3926;Av. Sánchez de Loria y Av. Presbítero Alberti;;ROSARIO;-32,95074;-60,6665;INTERIOR;INTERIOR
Gastronomía;Comidas Rápidas;Mc Donald‚s;319;Tortugas;13128;Panamericana KM 36,5 - Ramal Pilar;;TORTUGUITAS;-34,45591;-58,90833;SAN MIGUEL - JOSE C PAZ - MALVINAS;GBA Oeste
Gastronomía;Comidas Rápidas;Mc Donald‚s;319;Mar del Plata - Open 24;1464;Bv. Peralta Ramos 5499;;MAR DEL PLATA;-38,04083;-57,59758;INTERIOR;INTERIOR
Gastronomía;Comidas Rápidas;Mc Donald‚s;319;Devoto Norte;1494;Jose Pedro Varela 4750;;VILLA DEVOTO;-34,61035;-58,51655;CABA OESTE;CABA
Gastronomía;Comidas Rápidas;Mc Donald‚s;319;Laferrere;1533;Av. General Rojo 21;;GREGORIO DE LAFERRERE;-34,75365;-58,59272;MATANZA;GBA Oeste
Gastronomía;Comidas Rápidas;Mc Donald‚s;319;Tortugas Open Mall II;13129;Panamericana KM 36,5 - Ramal Pilar;;TORTUGUITAS;-34,45591;-58,90833;SAN MIGUEL - JOSE C PAZ - MALVINAS;GBA Oeste
Gastronomía;Comidas Rápidas;Mc Donald‚s;319;Walmart San Fernanado;1547;Camino Bancalari y Boulogne;;SAN FERNANDO;-34,4809;-58,6009;TIGRE / SAN FERNANDO;GBA Norte
Gastronomía;Comidas Rápidas;Mc Donald‚s;319;La Tablada;1536;Ruta Nacional 3 y AV. Crovara;;LA TABLADA;-34,69945;-58,54065;INTERIOR;INTERIOR
Gastronomía;Comidas Rápidas;Mc Donald‚s;319;Walmart Neuquén;1382;Ruta nacional 27 y Torres;;NEUQUEN;-38,94928;-68,06581;INTERIOR;INTERIOR
Gastronomía;Comidas Rápidas;Mc Donald‚s;319;Córdoba;13154;Jacinto Rios y D Luque;;CORDOBA;-31,39893;-64,18213;INTERIOR;INTERIOR
Gastronomía;Comidas Rápidas;Mc Donald‚s;319;Alto Avellaneda Shopping;1450;Av. Gral. Güemes 897;;AVELLANEDA;-34,67827;-58,36799;LANUS / AVELLANEDA;GBA Sur
Gastronomía;Comidas Rápidas;Mc Donald‚s;319;Las Toscas Canning Shopping;1548;Av. Castex y Formosa;;CANNING;-34,85587;-58,50419;LOMAS / ALMTE. BROW / ESTEBAN ECHEVERRIA / EZEIZA;GBA Sur
Gastronomía;Comidas Rápidas;Mc Donald‚s;319;Pilar - Open 24;1647;Panamericana Ramal Pilar y Av. Trat. del Pilar;;PILAR;-34,45591;-58,90833;PILAR / ESCOBAR / ZARATE / CAMPANA;GBA Norte
Gastronomía;Comidas Rápidas;Mc Donald‚s;319;Walmart Córdoba;1396;Av. Colón y Pasco;;CORDOBA;-31,39702;-64,25903;INTERIOR;INTERIOR
Viajes y Turismo;Hoteles;Medano Blanco Termas del Campo;3893;Necochea;9687;Paraje Medano Blanco;;NECOCHEA;-38,5545;-58,73961;INTERIOR;INTERIOR
Gastronomía;Comidas Rápidas;Mc Donald‚s;319;Camino Centenario La Plata;1376;Av. Centenario y 504;;LA PLATA;-34,89502;-57,99258;INTERIOR;INTERIOR
Gastronomía;Comidas Rápidas;Mc Donald‚s;319;Boulogne - Open 24;1441;Av. Rolón y Colectora Panamericana;;BOULOGNE;-34,49049;-58,56809;SAN ISIDRO;GBA Norte
Gastronomía;Comidas Rápidas;Mc Donald‚s;319;Hipermercado Libertad;1516;Boulevard Oroño y Av. Battle y Ordoñez;;ROSARIO;-32,95074;-60,6665;INTERIOR;INTERIOR
Automotor;Neumáticos;Milla Neumáticos;4950;Mar del Plata;12003;Av. Libertad;;MAR DEL PLATA;-37,97232;-57,58451;INTERIOR;INTERIOR
Viajes y Turismo;Hoteles;Morada del Arroyo;112168;Colón;122567;José Artalaz;;COLON;-32,2141;-58,15903;INTERIOR;INTERIOR
Automotor;Neumáticos;Milla Neumáticos;4950;Neuquén;12116;Perticone y Tierra del Fuego;;NEUQUEN;-38,9599;-68,05206;INTERIOR;INTERIOR
Gastronomía;Comidas Rápidas;Mc Donald‚s;319;Quilmes;1392;Av. Humberto Primero y Moreno;;QUILMES;-34,72505;-58,25654;QUILMES / FCIO VARELA / BERAZATEGUI;GBA Sur
Gastronomía;Comidas Rápidas;Mostaza;176;Mostaza La Plata;16141;Camino Centenario 1879;;LA PLATA;-34,89027;-57,99627;INTERIOR;INTERIOR
Gastronomía;Comidas Rápidas;Mostaza;176;La Ribera Shopping;4018;Dique 1 - Puerto Santa Fe;;SANTA FE;-31,64981;-60,70469;INTERIOR;INTERIOR
Gastronomía;Comidas Rápidas;Mostaza;176;VILLA MARIA;16177;Ruta 158;;VILLA MARIA;-32,37971;-63,23908;INTERIOR;INTERIOR
Gastronomía;Comidas Rápidas;Mostaza;176;Mostaza Solar de la Abadía;16159;Esteban Arce 940;;BELGRANO;-34,56729;-58,43711;CABA NORTE;CABA
Gastronomía;Comidas Rápidas;Mostaza;176;Comodoro Rivadavia;16165;Av. Chile y Girolamo;;COMODORO RIVADAVIA;-45,86792;-67,5;INTERIOR;INTERIOR
Heladerías;Heladerías;Munchi‚s;99;Villa Gesell;308;Paseo 104 y Av. 3;;VILLA GESELL;-37,2634;-56,97327;INTERIOR;INTERIOR
Heladerías;Heladerías;Munchi‚s;99;Escobar;303;Ruta 25 y Miguel Cane;;BELEN DE ESCOBAR;-34,3599;-58,80085;PILAR / ESCOBAR / ZARATE / CAMPANA;GBA Norte
Gastronomía;Comidas Rápidas;Mostaza;176;Mostaza Moreno;16140;Acceso Oeste y Graham Bell;;MORENO;-34,63401;-58,79138;MORENO / GRAL RODRIGUEZ / LUJAN;GBA Oeste
Heladerías;Heladerías;Munchi‚s;99;Escobar;304;Glorieta y Puestos;;BELEN DE ESCOBAR;-34,34025;-58,78494;PILAR / ESCOBAR / ZARATE / CAMPANA;GBA Norte
Heladerías;Heladerías;Munchi‚s;99;Puerto de Frutos;1026;Los Sauces y Los Eucaliptos;;TIGRE;-34,42509;-58,57966;TIGRE / SAN FERNANDO;GBA Norte
Gastronomía;Comidas Rápidas;Mostaza;176;Mostaza Laferrere;16146;Ruta 21 y Av. Carlos Casares;;GREGORIO DE LAFERRERE;-34,72909;-58,58398;MATANZA;GBA Oeste
Heladerías;Heladerías;Munchi‚s;99;Parque de Aves;1027;Glorieta Parque de Aves. Ruta 25;;BELEN DE ESCOBAR;-34,34025;-58,78494;PILAR / ESCOBAR / ZARATE / CAMPANA;GBA Norte
Entretenimiento;Parques y Juegos;Mundo Cartoon;2071;Tortugas Open Mall;5819;Ruta Panamericana ramal Pilar km 36,5;;TORTUGUITAS;-34,47509;-58,75375;SAN MIGUEL - JOSE C PAZ - MALVINAS;GBA Oeste
Heladerías;Heladerías;Munchi‚s;99;Pinamar;306;Av. Bunge y Av. Del Libertador;;PINAMAR;-37,10097;-56,84357;INTERIOR;INTERIOR
Mascotas;Mascotas;Natural Life;5282;Carrefour Vélez;122546;Av. Álvarez Jonte 6383;;VERSALLES;-34,63335;-58,52297;CABA OESTE;CABA
Automotor;Neumáticos;Neumáticos Coscolla;3577;Bella Vista;9053;Av Pte. Illia;;BELLA VISTA;-34,56007;-58,66391;SAN MIGUEL - JOSE C PAZ - MALVINAS;GBA Oeste
Entretenimiento;Parques y Juegos;Neverland;122;Plaza Vea;700;Av. Rivadavia y Ej. Argentino Norte;;SANTIAGO DEL ESTERO;-27,77877;-64,26009;INTERIOR;INTERIOR
Automotor;Neumáticos;Neumen;464;S.M. Del Monte;2361;Ruta Nacional 3 Km. 110,5;;SAN MIGUEL DEL MONTE;-35,43777;-58,80671;INTERIOR;INTERIOR
Entretenimiento;Parques y Juegos;Neverland;122;Villa Allende Shopping;5696;Av. Padre Luchesse y Río de Janeiro;;VILLA ALLENDE;-31,3005;-64,27861;INTERIOR;INTERIOR
Entretenimiento;Parques y Juegos;Neverland;122;Paseo Libertad de Poeta Lugones;9804;M. Cardeñoza;;CORDOBA;-31,3658;-64,21861;INTERIOR;INTERIOR
Entretenimiento;Parques y Juegos;Neverland;122;Paseo Rivera Indarte;697;Ricardo Rojas y Manuel De Falla;;CORDOBA;-31,34049;-64,29043;INTERIOR;INTERIOR
Entretenimiento;Parques y Juegos;Neverland;122;Neverland - Trelew;47419;JOSIAH WILLIAMS 209 Y RUTA NRO 7;;TRELEW;-43,26872;-65,28225;INTERIOR;INTERIOR
Entretenimiento;Parques y Juegos;Neverland;122;Terrazas de Mayo Shopping;693;Ruta 8 y 202;;SAN MIGUEL;-34,5274;-58,70892;SAN MIGUEL - JOSE C PAZ - MALVINAS;GBA Oeste
Viajes y Turismo;Hoteles;Nido del Condor;1732;San Carlos de Bariloche;4870;Av. Bustillo Km 6,900;;SAN CARLOS DE BARILOCHE;-41,13198;-71,32233;INTERIOR;INTERIOR
Moda;Indumentaria Deportiva;Open Sports;2485;Mercedes;6991;Calle 27 y 18;;MERCEDES;-34,64803;-59,43021;INTERIOR;INTERIOR
Moda;Indumentaria Deportiva;Open Sports;2485;Miramar 2;7005;Calle 21 y 26;;MIRAMAR;-38,26575;-57,84402;INTERIOR;INTERIOR
Gastronomía;Compras Gastronómicas;Oh cupcakes!;2395;La Plata;6735;holaohcupcakes.blogspot.com;;LA PLATA;0;0;INTERIOR;INTERIOR
Viajes y Turismo;Asistencia al Viajero;Omint Assistance;5422;San Nicolas;13068;http://www.omintassistance.com.ar;;SAN NICOLAS;-34,60528;-58,37583;CABA SUR;CABA
Moda;Indumentaria Deportiva;Open Sports;2485;Lobos;6983;Buenos Aires y 25 de Mayo;;LOBOS;-35,18504;-59,10233;INTERIOR;INTERIOR
Moda;Indumentaria Deportiva;Open Sports;2485;Miramar;6997;Calle 21 y 20;;MIRAMAR;-38,26575;-57,84402;INTERIOR;INTERIOR
Moda;Indumentaria Deportiva;Open Sports;2485;Puerto Iguazu;7010;Av. Perón esq. Penetración Turistica;;PUERTO IGUAZU;-25,59716;-54,5786;INTERIOR;INTERIOR
Moda;Indumentaria Deportiva;Open Sports;2485;Puerto Iguazu;13863;Av. Victoria Aguirre y Republica de Italia;;PUERTO IGUAZU;-25,59716;-54,5786;INTERIOR;INTERIOR
Moda;Indumentaria Deportiva;Open Sports;2485;Batán;6979;Colectora entre 31 y 33;;BARRIO BATAN;-38,00908;-57,70986;INTERIOR;INTERIOR
Gastronomía;Restaurantes;Pacú Restó;1346;La Ribera Shopping;3996;Dique 1 - Puerto Santa Fe;;SANTA FE;-31,64981;-60,70469;INTERIOR;INTERIOR
Hogar;Pinturerías;Pintecord;3283;Cordoba;8592;Av. 24 de Septiembre Esq. Bv.Ocampo;;CORDOBA;-31,39893;-64,18213;INTERIOR;INTERIOR
Hogar;Pinturerías;Pinturerias del Centro;3982;Ushuaia;9903;Gral Paz;;USHUAIA;-54,80785;-68,31059;INTERIOR;INTERIOR
Hogar;Pinturerías;Pinturerias del Centro;3982;La Rioja;9918;LAMADRID ESQ. BAZAN Y BUSTOS;;LA RIOJA;-29,4128;-66,85598;INTERIOR;INTERIOR
Hogar;Pinturerías;Pinturerias del Centro;3982;Caballito;9929;AV. GAONA 1901;;CABALLITO;-34,61196;-58,45477;CABA OESTE;CABA
Hogar;Pinturerías;Pinturerias del Centro;3982;POSADAS;9964;San Martin esquina Ayacucho;;POSADAS;-27,36757;-55,89701;INTERIOR;INTERIOR
Hogar;Pinturerías;Pinturerías Rex;125;Pilar;744;Ruta Panamericana km. 49.5;;PILAR;12,35129;-86,04939;PILAR / ESCOBAR / ZARATE / CAMPANA;GBA Norte
Hogar;Pinturerías;Pinturerías Sagitario;1882;Gesell Norte;5283;Av. Buenos Aires y Alameda 210;;VILLA GESELL;-37,2634;-56,97327;INTERIOR;INTERIOR
Hogar;Pinturerías;Pinturerías Sagitario;1882;Mar del Plata;15097;Av.Luro y Olazabal;;MAR DEL PLATA;-37,99493;-57,5645;INTERIOR;INTERIOR
Hogar;Pinturerías;Pinturerías Sagitario;1882;Gesell Sur;5285;Av. 3 y Paseo 138;;VILLA GESELL;-37,28558;-56,99125;INTERIOR;INTERIOR
Hogar;Pinturerías;Pinturerías Sagitario;1882;Las Gaviotas;5292;Punta del Este y Calle 32;;MAR DE LAS PAMPAS;-37,34336;-57,03512;INTERIOR;INTERIOR
Hogar;Pinturerías;Pinturerías Sagitario;1882;Madariaga;5290;Avellaneda y Belgrano;;GENERAL MADARIAGA;-37,03841;-57,13655;INTERIOR;INTERIOR
Hogar;Pinturerías;Pinturerías Sagitario;1882;Pinamar;5296;Jupiter y del Cazon;;PINAMAR;-37,10899;-56,8681;INTERIOR;INTERIOR
Hogar;Pinturerías;Pinturerías Sagitario;1882;Valeria del Mar;5289;Espora y Loria;;VALERIA DEL MAR;-37,14293;-56,8963;INTERIOR;INTERIOR
Hogar;Pinturerías;Pinturerías Sagitario;1882;Pinamar;5287;De las Medusas y Totoras;;PINAMAR;-37,10268;-56,86536;INTERIOR;INTERIOR
Hogar;Pinturerías;Prestigio;129;Villa Gesell;14103;Av. 3 y paseo 111;;VILLA GESELL;-37,26055;-56,9798;INTERIOR;INTERIOR
Hogar;Pinturerías;Prestigio;129;La Plata;14089;Camino Gral. Belggrano;;LA PLATA;-34,89294;-58,00561;INTERIOR;INTERIOR
Mascotas;Mascotas;Puppis;259;Boulogne;1032;Panamericana (Colectora) entre Rolón y Sucre;;BOULOGNE;-34,50122;-58,56717;SAN ISIDRO;GBA Norte
Mascotas;Mascotas;Puppis;259;Centro Comercial Carrefour;1036;Ruta 8 Km.52;;PILAR;-34,45675;-58,90546;PILAR / ESCOBAR / ZARATE / CAMPANA;GBA Norte
Compras;Otros;Rapanui Chocolates;4741;Cerro Catedral;12012;Frente a Plaza Catalina Rynal;;SAN CARLOS DE BARILOCHE;-41,13347;-71,31028;INTERIOR;INTERIOR
Compras;Fotografía;Rey Foto;6010;www.reyfoto.com;14521;www.reyfoto.com;;PALERMO;0;0;CABA NORTE;CABA
Entretenimiento;Parques y Juegos;Sacoa;104;Comodoro Rivadavia;380;San Martín esq.Güemes;;COMODORO RIVADAVIA;-45,86129;-67,47535;INTERIOR;INTERIOR
Entretenimiento;Parques y Juegos;Sacoa;104;Florencio Varela (Supermercado Carrefour );15895;Av. San Martin 554;;FLORENCIO VARELA;-34,75928;-58,29831;QUILMES / FCIO VARELA / BERAZATEGUI;GBA Sur
Entretenimiento;Parques y Juegos;Sacoa;104;Mar del Plata;389;Av. Colón y Las Heras;;MAR DEL PLATA;-38,00807;-57,54108;INTERIOR;INTERIOR
Entretenimiento;Parques y Juegos;Sacoa;104;Trelew;372;Av. Colombia y Belgrano;;TRELEW;-43,2476;-65,31076;INTERIOR;INTERIOR
Entretenimiento;Parques y Juegos;Sacoa;104;Necochea;370;Av. 75 y 58;;NECOCHEA;-38,56295;-58,74421;INTERIOR;INTERIOR
Moda;Indumentaria;Rocamadour;5185;Inalámbrica;12468;Morón;;MORON;-34,65586;-58,61672;MORON / ITUZAINGO / HURLINGHAM / MERLO;GBA Oeste
Compras;Regalos;RINCON DEL OCIO;116181;Neuquén;126184;LEGUIZAMON Y ALCORTA;;NEUQUEN;-38,95815;-68,06767;INTERIOR;INTERIOR
Entretenimiento;Parques y Juegos;Sacoa;104;Corrientes (Paseo La Anónima);15896;Primeros Concejales 256;;GOYA;-29,12968;-59,2609;INTERIOR;INTERIOR
Entretenimiento;Parques y Juegos;Sacoa;104;Avellaneda;386;Autop. Bs. As.- La Plata km 6,50;;AVELLANEDA;-34,61095;-58,43037;LANUS / AVELLANEDA;GBA Sur
Entretenimiento;Parques y Juegos;Sacoa;104;Villa Gesell;375;Av 3 entre 104 y 105;;VILLA GESELL;-37,2564;-56,96878;INTERIOR;INTERIOR
Entretenimiento;Parques y Juegos;Sacoa;104;Mendoza;381;Valle de las Leñas, Hotel Piscis;;MALARGUE;-35,47213;-69,58087;INTERIOR;INTERIOR
Entretenimiento;Parques y Juegos;Sacoa;104;Canning;15898;Av. Castex 1277;;CANNING;-34,88449;-58,51272;LOMAS / ALMTE. BROW / ESTEBAN ECHEVERRIA / EZEIZA;GBA Sur
Compras;Regalos;SATORI STORE;113606;SATORE STORE 2;123854;GRAL SAN MARTIN;;PARANA;-31,72154;-60,52565;INTERIOR;INTERIOR
Entretenimiento;Parques y Juegos;Sacoa;104;Pilar;388;Ruta Panamericana Ramal Pilar km 50;;PILAR;-34,70139;-58,43819;PILAR / ESCOBAR / ZARATE / CAMPANA;GBA Norte
Entretenimiento;Parques y Juegos;Sacoa;104;Monte Hermoso;382;Dufour y Valle Encantado;;MONTE HERMOSO;-38,91667;-61,55;INTERIOR;INTERIOR
Moda;Indumentaria;Siamo Fuori;2178;Villa Gesell;14830;Av. 3 y 104;;VILLA GESELL;-37,25289;-56,96631;INTERIOR;INTERIOR
Hogar;Colchones;Simmons;166;Simmons- Terrazas de Mayo;17839;Ruta 8;;VILLA DE MAYO;-34,53219;-58,70122;SAN MIGUEL - JOSE C PAZ - MALVINAS;GBA Oeste
Moda;Indumentaria;Siamo Fuori;2178;Plaza Oeste;14605;Av. Vergara y Gaona;;MORON;-34,65586;-58,61672;MORON / ITUZAINGO / HURLINGHAM / MERLO;GBA Oeste
Hogar;Colchones;Simmons;166;La Ribera Shopping;8913;Dique 1 del Puerto de Santa Fe;;SANTA FE;-31,63239;-60,69946;INTERIOR;INTERIOR
Gastronomía;Restaurantes;Scarlett;1106;Punta del este;3528;Rambla Artigas Entre 28 y 29;;PUNTA DEL ESTE;-34,96209;-54,94606;URUGUAY;MERCOSUR
Hogar;Colchones;Simmons;166;El Portal de Trelew;10559;Katterfield J.;;TRELEW;-43,27005;-65,27786;INTERIOR;INTERIOR
Hogar;Colchones;Simmons;166;Tortugas Open Mall;10538;Ruta Panamericana ramal Pilar;;PILAR;-34,45591;-58,90833;PILAR / ESCOBAR / ZARATE / CAMPANA;GBA Norte
Moda;Indumentaria;Siamo Fuori;2178;Shopping San Justo;14829;J. M. Rosas y C. de Cintura;;SAN JUSTO;-34,68741;-58,56326;MATANZA;GBA Oeste
Hogar;Colchones;Simmons;166;El Portal de los Andes;10550;General Balcarce 897;;GODOY CRUZ;-32,91527;-68,84013;INTERIOR;INTERIOR
Hogar;Colchones;Simmons;166;Simmons- Alto Comahue;17840;Avenida Dr. Ramon;;NEUQUEN;-38,94135;-68,06615;INTERIOR;INTERIOR
Gastronomía;Restaurantes;Soho Resto;1109;Punta del este;3530;Rambla Artigas entre 11 y 12;;PUNTA DEL ESTE;0;0;URUGUAY;MERCOSUR
Gastronomía;Delivery;Solgrace Bistró Vegetariano + Viandas;980;Gonnet;3195;503 esquina 14;;LA PLATA;-34,88234;-58,00951;INTERIOR;INTERIOR
Viajes y Turismo;Agencias y Paquetes;Snow Rental;4644;Martinez;11364;Call center 1555746680 / 1567520662;;MARTINEZ;-34,49481;-58,51645;SAN ISIDRO;GBA Norte
Viajes y Turismo;Hoteles;Solanas Termas del Dayman;13512;Solanas Termas del Dayman;23513;Los molles y los espinollos;;SAN CARLOS;31,45036;57,90936;URUGUAY;MERCOSUR
Gastronomía;Delivery;Sushi Pop;3490;Mar del plata;47105;Mar del plata;;MAR DEL PLATA;0;0;INTERIOR;INTERIOR
Gastronomía;Delivery;Sushi Pop;3490;Sucursal Virtual;15554;Sucursal Virtual;;ALMAGRO;-34,6;-58,41667;CABA OESTE;CABA
Gastronomía;Delivery;Sushi Más;5570;Delivery;13511;Delivery;;BELGRANO;-34,5625;-58,45833;CABA NORTE;CABA
Gastronomía;Restaurantes;Sudare Sushi;4526;Escobar (Loma Verde);51047;Ramal Escobar Km. 54 Los Cerros y Oldman;;LOMA VERDE;-34,34642;-58,86101;PILAR / ESCOBAR / ZARATE / CAMPANA;GBA Norte
Viajes y Turismo;Hoteles;Termas del Salado;5452;General Belgrano;13211;Av. Intendente Ferrer y Camino de la Rivera;;GENERAL BELGRANO;-35,65527;-58,47257;INTERIOR;INTERIOR
Gastronomía;Restaurantes;SushiClub;37160;SushiClub - Pilar;47163;Panamericana Km 42.5;;PILAR;-34,43848;-58,79447;PILAR / ESCOBAR / ZARATE / CAMPANA;GBA Norte
Gastronomía;Bares y Cafés;The Coffee Store;43;Mendoza;11405;Av. Perú y Av. Colón;;MENDOZA;-32,89399;-68,84582;INTERIOR;INTERIOR
Gastronomía;Delivery;Sushi Pop;3490;Lomas;15985;Lomas de Zamora;;LOMAS DE ZAMORA;0;0;LOMAS / ALMTE. BROW / ESTEBAN ECHEVERRIA / EZEIZA;GBA Sur
Gastronomía;Bares y Cafés;The Coffee Store;43;Quilmes;11406;Brandsen esq. Gral. Paz;;QUILMES;-34,72565;-58,24833;QUILMES / FCIO VARELA / BERAZATEGUI;GBA Sur
Gastronomía;Bares y Cafés;The Coffee Store;43;Patio Olmos;2518;Boulevard San Juan Esq. Velez Sarsfield;;CORDOBA;-31,42101;-64,18896;INTERIOR;INTERIOR
Gastronomía;Bares y Cafés;The Coffee Store;43;Devoto Shoping I (Patio);104;Quevedo y José P Varela;;VILLA DEVOTO;-34,63265;-58,4642;CABA OESTE;CABA
Gastronomía;Bares y Cafés;The Coffee Store;43;Devoto Shoping II (Cine);105;Quevedo y José P Varela;;VILLA DEVOTO;-34,63265;-58,4642;CABA OESTE;CABA
Gastronomía;Restaurantes;SushiClub;37160;SushiClub - Mar de las Pampas;47206;Hotel Careyes (Sobral e/ Alfonsina Storni y Virazón);;MAR DE LAS PAMPAS;-37,33129;-57,02489;INTERIOR;INTERIOR
Gastronomía;Bares y Cafés;The Coffee Store;43;Torres Pilar;156;Panamericana Km.50, Pilar Torres del Sol;;PILAR;-34,45591;-58,90833;PILAR / ESCOBAR / ZARATE / CAMPANA;GBA Norte
Moda;Indumentaria Deportiva;Topper 2º selección;3148;Topper Outlet Varela;9425;Ruta 2 km 34;;FLORENCIO VARELA;-34,9063;-58,17185;QUILMES / FCIO VARELA / BERAZATEGUI;GBA Sur
Viajes y Turismo;Asistencia al Viajero;Universal Assistance;4243;Aeropuerto terminal Ezeiza A;10732;Aeropuerto de Ezeiza;;EZEIZA;-34,82249;-58,53492;LOMAS / ALMTE. BROW / ESTEBAN ECHEVERRIA / EZEIZA;GBA Sur
Compras;Regalos;Universo Garden Angels;167;Factory San Martín;46593;San Lorenzo e Industria;;GENERAL SAN MARTIN;-34,57562;-58,5401;SAN MARTIN / 3 DE FEBRERO;GBA Oeste
Viajes y Turismo;Hoteles;Uy proa Sur Hotel;41058;La Paloma;51080;Av. Nicolás Solaria Esq. Del Faro;;LA PALOMA;-34,6664;-54,15693;URUGUAY;MERCOSUR
Viajes y Turismo;Hoteles;Village de las Pampas Apart Hotel Boutique;5458;Mar de las Pampas;13253;Corvina e/ J.V. Gonzalez y M. Sosa;;MAR DE LAS PAMPAS;-37,3232;-57,0191;INTERIOR;INTERIOR
Moda;Niños;Voss;534;La Plata;2838;Calle 49 entre 7 y 8;;LA PLATA;-34,67803;-58,38361;INTERIOR;INTERIOR
Viajes y Turismo;Hoteles;Vacances;5615;San Martín de los Andes;13654;Calle del Oasis 450;;SAN MARTIN DE LOS ANDES;-40,15509;-71,35419;INTERIOR;INTERIOR
Compras;Regalos;Universo Garden Angels;167;Aeropuerto Ezeiza;14623;Aeropuerto Ezeiza;;EZEIZA;-34,81501;-58,53483;LOMAS / ALMTE. BROW / ESTEBAN ECHEVERRIA / EZEIZA;GBA Sur
Entretenimiento;Parques y Juegos;Woodland Camp;5417;Mar del Plata;13059;Calle 469 y Calle 42;;MAR DEL PLATA;-38,1101;-57,59133;INTERIOR;INTERIOR
Automotor;Neumáticos;Yokohama;290;Rio Cuarto;15928;RUTA NACIONAL A 005 Y RUTA PROVINCIAL N°1;;RIO CUARTO;-33,11076;-64,34209;INTERIOR;INTERIOR
Automotor;Neumáticos;Yokohama;290;Trevelin;13827;Ruta 259 y Rhis Thomas;;TREVELIN;-43,07922;-71,46431;INTERIOR;INTERIOR
Entretenimiento;Parques y Juegos;ZONA ENTRETENIMIENTOS COTO PATIO DE JUEGOS;1749;SUCURSAL 94;4920;B. Sur Mer;;TAPIALES;-34,70974;-58,50057;MATANZA;GBA Oeste
Entretenimiento;Parques y Juegos;ZOO de Buenos Aires;359;Plaza Italia;1773;Av. Las Heras y Sarmiento;;PALERMO;-34,58054;-58,42031;CABA NORTE;CABA
